SET @OLD_UNIQUE_CHECKS=@@UNIQUE_CHECKS, UNIQUE_CHECKS=1;

SET @OLD_FOREIGN_KEY_CHECKS=@@FOREIGN_KEY_CHECKS, FOREIGN_KEY_CHECKS=1;

SET @OLD_SQL_MODE=@@SQL_MODE, SQL_MODE='ONLY_FULL_GROUP_BY,STRICT_TRANS_TABLES,NO_ZERO_IN_DATE,NO_ZERO_DATE,ERROR_FOR_DIVISION_BY_ZERO,NO_ENGINE_SUBSTITUTION';

-- -----------------------------------------------------
-- Schema HOTEL
-- -----------------------------------------------------
CREATE SCHEMA IF NOT EXISTS `HOTEL` DEFAULT CHARACTER SET UTF8;

USE `HOTEL`;

-- -----------------------------------------------------
-- Table `HOTEL`.`KhachHang`
-- -----------------------------------------------------
CREATE TABLE IF NOT EXISTS `HOTEL`.`KHACHHANG` (
  `MAKH` INT NOT NULL AUTO_INCREMENT,
  `HOTEN` VARCHAR(50) NULL,
  `DIACHI` VARCHAR(50) NULL,
  `SDT` VARCHAR(11) NULL,
  `SOFAX` VARCHAR(50) NULL,
  `EMAIL` VARCHAR(50) NULL,
  PRIMARY KEY (`MAKH`)
) ENGINE = INNODB;

-- -----------------------------------------------------
-- Table `HOTEL`.`CaNhan`
-- -----------------------------------------------------
CREATE TABLE IF NOT EXISTS `HOTEL`.`CANHAN` (
  `KHACHHANG_MAKH` INT NOT NULL,
  PRIMARY KEY (`KHACHHANG_MAKH`),
  CONSTRAINT `FK_CANHAN_KHACHHANG1` FOREIGN KEY (`KHACHHANG_MAKH`) REFERENCES `HOTEL`.`KHACHHANG` (`MAKH`) ON DELETE NO ACTION ON UPDATE NO ACTION
) ENGINE = INNODB;

-- -----------------------------------------------------
-- Table `HOTEL`.`TheoDoan`
-- -----------------------------------------------------
CREATE TABLE IF NOT EXISTS `HOTEL`.`THEODOAN` (
  `MADOAN` INT NOT NULL AUTO_INCREMENT,
  `TENDOAN` VARCHAR(50) NULL,
  `TENNGUOIDANGKY` VARCHAR(50) NULL,
  `SONGUOI` INT NULL,
  `KHACHHANG_MAKH` INT NOT NULL,
  PRIMARY KEY (`MADOAN`, `KHACHHANG_MAKH`),
  INDEX `FK_THEODOAN_KHACHHANG1_IDX` (`KHACHHANG_MAKH` ASC) VISIBLE,
  CONSTRAINT `FK_THEODOAN_KHACHHANG1` FOREIGN KEY (`KHACHHANG_MAKH`) REFERENCES `HOTEL`.`KHACHHANG` (`MAKH`) ON DELETE NO ACTION ON UPDATE NO ACTION
) ENGINE = INNODB;

-- -----------------------------------------------------
-- Table `HOTEL`.`DonViLuHanh`
-- -----------------------------------------------------
CREATE TABLE IF NOT EXISTS `HOTEL`.`DONVILUHANH` (
  `MADV` INT NOT NULL AUTO_INCREMENT,
  `TENDV` VARCHAR(50) NULL,
  `DIACHI` VARCHAR(50) NULL,
  `SDT` VARCHAR(45) NULL,
  PRIMARY KEY (`MADV`)
) ENGINE = INNODB;

-- -----------------------------------------------------
-- Table `HOTEL`.`Tour`
-- -----------------------------------------------------
CREATE TABLE IF NOT EXISTS `HOTEL`.`TOUR` (
  `MATOUR` INT NOT NULL AUTO_INCREMENT,
  `TENTOUR` VARCHAR(50) NULL,
  `GIATOUR` FLOAT NULL,
  `GIOKHOIHANH` DATETIME NULL,
  `DONVILUHANH_MADV` INT NOT NULL,
  `GHICHU` VARCHAR(500) NULL,
  `CHUDE` VARCHAR(50) NULL,
  `DIEMTHAMQUAN` VARCHAR(200) NULL,
  PRIMARY KEY (`MATOUR`, `DONVILUHANH_MADV`),
  INDEX `FK_TOUR_DONVILUHANH1_IDX` (`DONVILUHANH_MADV` ASC) VISIBLE,
  CONSTRAINT `FK_TOUR_DONVILUHANH1` FOREIGN KEY (`DONVILUHANH_MADV`) REFERENCES `HOTEL`.`DONVILUHANH` (`MADV`) ON DELETE NO ACTION ON UPDATE NO ACTION
) ENGINE = INNODB;

-- -----------------------------------------------------
-- Table `HOTEL`.`ThamGia`
-- -----------------------------------------------------
CREATE TABLE IF NOT EXISTS `HOTEL`.`THAMGIA` (
  `TOUR_MATOUR` INT NOT NULL AUTO_INCREMENT,
  `KHACHHANG_MAKH` INT NOT NULL,
  `PHUONGTIENDICHUYEN` VARCHAR(50) NULL,
  `YEUCAU` VARCHAR(50) NULL,
  PRIMARY KEY (`TOUR_MATOUR`, `KHACHHANG_MAKH`),
  INDEX `FK_THAMGIA_KHACHHANG1_IDX` (`KHACHHANG_MAKH` ASC) VISIBLE,
  CONSTRAINT `FK_THAMGIA_TOUR1` FOREIGN KEY (`TOUR_MATOUR`) REFERENCES `HOTEL`.`TOUR` (`MATOUR`) ON DELETE NO ACTION ON UPDATE NO ACTION,
  CONSTRAINT `FK_THAMGIA_KHACHHANG1` FOREIGN KEY (`KHACHHANG_MAKH`) REFERENCES `HOTEL`.`KHACHHANG` (`MAKH`) ON DELETE NO ACTION ON UPDATE NO ACTION
) ENGINE = INNODB;

-- -----------------------------------------------------
-- Table `HOTEL`.`LoaiPhong`
-- -----------------------------------------------------
CREATE TABLE IF NOT EXISTS `HOTEL`.`LOAIPHONG` (
  `MALOAIPHONG` INT NOT NULL AUTO_INCREMENT,
  `GIA` FLOAT NULL,
  `TENLOAIPHONG` VARCHAR(50) NULL,
  PRIMARY KEY (`MALOAIPHONG`)
) ENGINE = INNODB;

-- -----------------------------------------------------
-- Table `HOTEL`.`Phong`
-- -----------------------------------------------------
CREATE TABLE IF NOT EXISTS `HOTEL`.`PHONG` (
  `MAPHONG` INT NOT NULL AUTO_INCREMENT,
  `LOAIPHONG_MALOAIPHONG` INT NOT NULL,
  PRIMARY KEY (`MAPHONG`, `LOAIPHONG_MALOAIPHONG`),
  INDEX `FK_PHONG_LOAIPHONG1_IDX` (`LOAIPHONG_MALOAIPHONG` ASC) VISIBLE,
  CONSTRAINT `FK_PHONG_LOAIPHONG1` FOREIGN KEY (`LOAIPHONG_MALOAIPHONG`) REFERENCES `HOTEL`.`LOAIPHONG` (`MALOAIPHONG`) ON DELETE NO ACTION ON UPDATE NO ACTION
) ENGINE = INNODB;

-- -----------------------------------------------------
-- Table `HOTEL`.`NhanVien`
-- -----------------------------------------------------
CREATE TABLE IF NOT EXISTS `HOTEL`.`NHANVIEN` (
  `MANV` INT NOT NULL AUTO_INCREMENT,
  `TENNV` VARCHAR(50) NULL,
  `EMAIL` VARCHAR(50) NULL,
  `MATKHAU` VARCHAR(500) NULL,
  `SDT` VARCHAR(45) NULL,
  PRIMARY KEY (`MANV`)
) ENGINE = INNODB;

-- -----------------------------------------------------
-- Table `HOTEL`.`LeTan`
-- -----------------------------------------------------
CREATE TABLE IF NOT EXISTS `HOTEL`.`LETAN` (
  `NHANVIEN_MANV` INT NOT NULL AUTO_INCREMENT,
  PRIMARY KEY (`NHANVIEN_MANV`),
  CONSTRAINT `FK_LETAN_NHANVIEN1` FOREIGN KEY (`NHANVIEN_MANV`) REFERENCES `HOTEL`.`NHANVIEN` (`MANV`) ON DELETE NO ACTION ON UPDATE NO ACTION
) ENGINE = INNODB;

-- -----------------------------------------------------
-- Table `HOTEL`.`BuongPhong`
-- -----------------------------------------------------
CREATE TABLE IF NOT EXISTS `HOTEL`.`BUONGPHONG` (
  `NHANVIEN_MANV` INT NOT NULL AUTO_INCREMENT,
  PRIMARY KEY (`NHANVIEN_MANV`),
  CONSTRAINT `FK_BUONGPHONG_NHANVIEN1` FOREIGN KEY (`NHANVIEN_MANV`) REFERENCES `HOTEL`.`NHANVIEN` (`MANV`) ON DELETE NO ACTION ON UPDATE NO ACTION
) ENGINE = INNODB;

-- -----------------------------------------------------
-- Table `HOTEL`.`PhieuKiemTraPhong`
-- -----------------------------------------------------
CREATE TABLE IF NOT EXISTS `HOTEL`.`PHIEUKIEMTRAPHONG` (
  `MAPHIEUKT` INT NOT NULL AUTO_INCREMENT,
  `TINHTRANG` VARCHAR(50) NULL,
  `BUONGPHONG_NHANVIEN_MANV` INT NOT NULL,
  PRIMARY KEY (`MAPHIEUKT`, `BUONGPHONG_NHANVIEN_MANV`),
  INDEX `FK_PHIEUKIEMTRAPHONG_BUONGPHONG1_IDX` (`BUONGPHONG_NHANVIEN_MANV` ASC) VISIBLE,
  CONSTRAINT `FK_PHIEUKIEMTRAPHONG_BUONGPHONG1` FOREIGN KEY (`BUONGPHONG_NHANVIEN_MANV`) REFERENCES `HOTEL`.`BUONGPHONG` (`NHANVIEN_MANV`) ON DELETE NO ACTION ON UPDATE NO ACTION
) ENGINE = INNODB;

-- -----------------------------------------------------
-- Table `HOTEL`.`PhieuDatPhong`
-- -----------------------------------------------------
CREATE TABLE IF NOT EXISTS `HOTEL`.`PHIEUDATPHONG` (
  `MAPHIEUDP` INT NOT NULL AUTO_INCREMENT,
  `GIATONG` FLOAT NULL,
  `HINHTHUCTHANHTOAN` VARCHAR(50) NULL,
  `NGAYTHANHTOAN` DATE NULL,
  `PHIEUKIEMTRAPHONG_MAPHIEUKT` INT NOT NULL,
  PRIMARY KEY (`MAPHIEUDP`, `PHIEUKIEMTRAPHONG_MAPHIEUKT`),
  INDEX `FK_PHIEUDATPHONG_PHIEUKIEMTRAPHONG1_IDX` (`PHIEUKIEMTRAPHONG_MAPHIEUKT` ASC) VISIBLE,
  CONSTRAINT `FK_PHIEUDATPHONG_PHIEUKIEMTRAPHONG1` FOREIGN KEY (`PHIEUKIEMTRAPHONG_MAPHIEUKT`) REFERENCES `HOTEL`.`PHIEUKIEMTRAPHONG` (`MAPHIEUKT`) ON DELETE NO ACTION ON UPDATE NO ACTION
) ENGINE = INNODB;

-- -----------------------------------------------------
-- Table `HOTEL`.`Dat`
-- -----------------------------------------------------
CREATE TABLE IF NOT EXISTS `HOTEL`.`DAT` (
  `KHACHHANG_MAKH` INT NOT NULL AUTO_INCREMENT,
  `KHACHHANG_THEODOAN_MADOAN` INT NOT NULL,
  `YEUCAU` VARCHAR(50) NULL,
  `SODEMLUUTRU` INT NULL,
  `NGAYDEN` DATE NULL,
  `XETDUYET` VARCHAR(50) NULL,
  `GOPY` VARCHAR(50) NULL,
  `PHONG_MAPHONG` INT NOT NULL,
  `LETAN_NHANVIEN_MANV` INT NOT NULL,
  `PHIEUDATPHONG_MAPHIEUDP` INT NOT NULL,
  PRIMARY KEY (`KHACHHANG_MAKH`, `KHACHHANG_THEODOAN_MADOAN`, `PHONG_MAPHONG`, `LETAN_NHANVIEN_MANV`, `PHIEUDATPHONG_MAPHIEUDP`),
  INDEX `FK_DAT_PHONG1_IDX` (`PHONG_MAPHONG` ASC) VISIBLE,
  INDEX `FK_DAT_LETAN1_IDX` (`LETAN_NHANVIEN_MANV` ASC) VISIBLE,
  INDEX `FK_DAT_PHIEUDATPHONG1_IDX` (`PHIEUDATPHONG_MAPHIEUDP` ASC) VISIBLE,
  CONSTRAINT `FK_DAT_KHACHHANG1` FOREIGN KEY (`KHACHHANG_MAKH`) REFERENCES `HOTEL`.`KHACHHANG` (`MAKH`) ON DELETE NO ACTION ON UPDATE NO ACTION,
  CONSTRAINT `FK_DAT_PHONG1` FOREIGN KEY (`PHONG_MAPHONG`) REFERENCES `HOTEL`.`PHONG` (`MAPHONG`) ON DELETE NO ACTION ON UPDATE NO ACTION,
  CONSTRAINT `FK_DAT_LETAN1` FOREIGN KEY (`LETAN_NHANVIEN_MANV`) REFERENCES `HOTEL`.`LETAN` (`NHANVIEN_MANV`) ON DELETE NO ACTION ON UPDATE NO ACTION,
  CONSTRAINT `FK_DAT_PHIEUDATPHONG1` FOREIGN KEY (`PHIEUDATPHONG_MAPHIEUDP`) REFERENCES `HOTEL`.`PHIEUDATPHONG` (`MAPHIEUDP`) ON DELETE NO ACTION ON UPDATE NO ACTION
) ENGINE = INNODB;

-- -----------------------------------------------------
-- Table `HOTEL`.`KeToan`
-- -----------------------------------------------------
CREATE TABLE IF NOT EXISTS `HOTEL`.`KETOAN` (
  `NHANVIEN_MANV` INT NOT NULL AUTO_INCREMENT,
  PRIMARY KEY (`NHANVIEN_MANV`),
  CONSTRAINT `FK_KETOAN_NHANVIEN1` FOREIGN KEY (`NHANVIEN_MANV`) REFERENCES `HOTEL`.`NHANVIEN` (`MANV`) ON DELETE NO ACTION ON UPDATE NO ACTION
) ENGINE = INNODB;

-- -----------------------------------------------------
-- Table `HOTEL`.`HanhLy`
-- -----------------------------------------------------
CREATE TABLE IF NOT EXISTS `HOTEL`.`HANHLY` (
  `NHANVIEN_MANV` INT NOT NULL AUTO_INCREMENT,
  PRIMARY KEY (`NHANVIEN_MANV`),
  CONSTRAINT `FK_HANHLY_NHANVIEN1` FOREIGN KEY (`NHANVIEN_MANV`) REFERENCES `HOTEL`.`NHANVIEN` (`MANV`) ON DELETE NO ACTION ON UPDATE NO ACTION
) ENGINE = INNODB;

-- -----------------------------------------------------
-- Table `HOTEL`.`DichVu`
-- -----------------------------------------------------
CREATE TABLE IF NOT EXISTS `HOTEL`.`DICHVU` (
  `MADV` INT NOT NULL AUTO_INCREMENT,
  `TENDV` VARCHAR(50) NULL,
  `GIA` FLOAT NULL,
  `GIOKETTHUC` TIME NULL,
  `GIOBATDAU` TIME NULL,
  PRIMARY KEY (`MADV`)
) ENGINE = INNODB;

-- -----------------------------------------------------
-- Table `HOTEL`.`SuDung`
-- -----------------------------------------------------
CREATE TABLE IF NOT EXISTS `HOTEL`.`SUDUNG` (
  `PHIEUDATPHONG_MAPHIEUDP` INT NOT NULL AUTO_INCREMENT,
  `DICHVU_MADV` INT NOT NULL,
  `SOLUONG` INT NULL,
  PRIMARY KEY (`PHIEUDATPHONG_MAPHIEUDP`, `DICHVU_MADV`),
  INDEX `FK_SUDUNG_DICHVU1_IDX` (`DICHVU_MADV` ASC) VISIBLE,
  CONSTRAINT `FK_SUDUNG_PHIEUDATPHONG1` FOREIGN KEY (`PHIEUDATPHONG_MAPHIEUDP`) REFERENCES `HOTEL`.`PHIEUDATPHONG` (`MAPHIEUDP`) ON DELETE NO ACTION ON UPDATE NO ACTION,
  CONSTRAINT `FK_SUDUNG_DICHVU1` FOREIGN KEY (`DICHVU_MADV`) REFERENCES `HOTEL`.`DICHVU` (`MADV`) ON DELETE NO ACTION ON UPDATE NO ACTION
) ENGINE = INNODB;

-- -----------------------------------------------------
-- Table `HOTEL`.`VatDung`
-- -----------------------------------------------------
CREATE TABLE IF NOT EXISTS `HOTEL`.`VATDUNG` (
  `MAVD` INT NOT NULL AUTO_INCREMENT,
  `TENVD` VARCHAR(50) NULL,
  `GIA` FLOAT NULL,
  PRIMARY KEY (`MAVD`)
) ENGINE = INNODB;

-- -----------------------------------------------------
-- Table `HOTEL`.`Thuoc_Phong_VatDung`
-- -----------------------------------------------------
CREATE TABLE IF NOT EXISTS `HOTEL`.`THUOC_PHONG_VATDUNG` (
  `PHONG_MAPHONG` INT NOT NULL AUTO_INCREMENT,
  `VATDUNG_MAVD` INT NOT NULL,
  `SOLUONG` INT NULL,
  PRIMARY KEY (`PHONG_MAPHONG`, `VATDUNG_MAVD`),
  INDEX `FK_THUOC_PHONG_VATDUNG_VATDUNG1_IDX` (`VATDUNG_MAVD` ASC) VISIBLE,
  CONSTRAINT `FK_THUOC_PHONG_VATDUNG_PHONG1` FOREIGN KEY (`PHONG_MAPHONG`) REFERENCES `HOTEL`.`PHONG` (`MAPHONG`) ON DELETE NO ACTION ON UPDATE NO ACTION,
  CONSTRAINT `FK_THUOC_PHONG_VATDUNG_VATDUNG1` FOREIGN KEY (`VATDUNG_MAVD`) REFERENCES `HOTEL`.`VATDUNG` (`MAVD`) ON DELETE NO ACTION ON UPDATE NO ACTION
) ENGINE = INNODB;

-- -----------------------------------------------------
-- Table `HOTEL`.`SuDung_PKTP_VatDung`
-- -----------------------------------------------------
CREATE TABLE IF NOT EXISTS `HOTEL`.`SUDUNG_PKTP_VATDUNG` (
  `PHIEUKIEMTRAPHONG_MAPHIEUKT` INT NOT NULL AUTO_INCREMENT,
  `VATDUNG_MAVD` INT NOT NULL,
  `SOLUONG` INT NULL,
  PRIMARY KEY (`PHIEUKIEMTRAPHONG_MAPHIEUKT`, `VATDUNG_MAVD`),
  INDEX `FK_SUDUNG_PKTP_VATDUNG_VATDUNG1_IDX` (`VATDUNG_MAVD` ASC) VISIBLE,
  CONSTRAINT `FK_SUDUNG_PKTP_VATDUNG_PHIEUKIEMTRAPHONG1` FOREIGN KEY (`PHIEUKIEMTRAPHONG_MAPHIEUKT`) REFERENCES `HOTEL`.`PHIEUKIEMTRAPHONG` (`MAPHIEUKT`) ON DELETE NO ACTION ON UPDATE NO ACTION,
  CONSTRAINT `FK_SUDUNG_PKTP_VATDUNG_VATDUNG1` FOREIGN KEY (`VATDUNG_MAVD`) REFERENCES `HOTEL`.`VATDUNG` (`MAVD`) ON DELETE NO ACTION ON UPDATE NO ACTION
) ENGINE = INNODB;

-- -----------------------------------------------------
-- Table `HOTEL`.`QuiDinh`
-- -----------------------------------------------------

CREATE TABLE IF NOT EXISTS `HOTEL`.`QUIDINH` (
  `MAQD` INT NOT NULL AUTO_INCREMENT,
  `NOIDUNG` VARCHAR(100) NULL,
  PRIMARY KEY (`MAQD`)
) ENGINE = INNODB;

SET SQL_MODE=@OLD_SQL_MODE;

SET FOREIGN_KEY_CHECKS=@OLD_FOREIGN_KEY_CHECKS;

SET UNIQUE_CHECKS=@OLD_UNIQUE_CHECKS;

-- ----------------------------------------------
-- INSERT
-- ----------------------------------------- KHACH HANG ---------------------------------------------------------

INSERT INTO KHACHHANG (
  MAKH,
  HOTEN,
  DIACHI,
  SDT,
  SOFAX,
  EMAIL
) VALUES (
  1,
  "Charde Sweet",
  "1997 Auctor Street",
  "0345582808",
  "065-152-6186",
  "eget@google.org"
),
(
  2,
  "Montana Mcleod",
  "Ap #366-734 Purus. Rd.",
  "0434148193",
  "041-913-8477",
  "tempor@outlook.edu"
),
(
  3,
  "Brittany Bowman",
  "Ap #576-8611 Ultricies Av.",
  "0324528800",
  "060-644-6205",
  "quisque@icloud.net"
),
(
  4,
  "Amal Dennis",
  "Ap #991-1365 Egestas, Av.",
  "0614548792",
  "097-538-0367",
  "ullamcorper.eu.euismod@icloud.net"
),
(
  5,
  "Sheila Gillespie",
  "845-7959 Arcu. Av.",
  "0341026167",
  "054-436-6757",
  "mauris@icloud.couk"
),
(
  6,
  "Summer Moran",
  "Ap #784-5760 Ipsum Av.",
  "0613385333",
  "090-480-5371",
  "proin@aol.ca"
),
(
  7,
  "Jolene Riley",
  "P.O. Box 570, 9304 Dictum Road",
  "0327616583",
  "077-754-3897",
  "in.dolor.fusce@hotmail.couk"
),
(
  8,
  "Pamela Bridges",
  "Ap #741-7591 Cum Street",
  "0827288506",
  "094-342-6977",
  "pellentesque.habitant@protonmail.org"
),
(
  9,
  "Yen Nash",
  "675-5496 Aenean Avenue",
  "0943748253",
  "005-582-5743",
  "ipsum.suspendisse.sagittis@outlook.ca"
),
(
  10,
  "Abra Berry",
  "Ap #334-6935 Tincidunt Rd.",
  "0646941186",
  "074-414-2084",
  "penatibus@hotmail.edu"
);

INSERT INTO KHACHHANG (
  MAKH,
  HOTEN,
  DIACHI,
  SDT,
  SOFAX,
  EMAIL
) VALUES (
  11,
  "Nina Gallagher",
  "Ap #438-4889 Proin Ave",
  "0735754423",
  "096-847-3854",
  "nam.porttitor.scelerisque@icloud.com"
),
(
  12,
  "Diana Vang",
  "P.O. Box 578, 2454 Vel Rd.",
  "0525032771",
  "065-782-2123",
  "lacus.vestibulum@aol.net"
),
(
  13,
  "Jamalia Carroll",
  "967-6550 Malesuada Rd.",
  "0367336389",
  "085-824-8537",
  "lorem@hotmail.couk"
),
(
  14,
  "Willow Anderson",
  "Ap #895-2764 Malesuada. St.",
  "0843024227",
  "008-064-5585",
  "phasellus.vitae.mauris@icloud.edu"
),
(
  15,
  "Inga Dawson",
  "697-1671 Pharetra. Ave",
  "0111602122",
  "046-904-7653",
  "posuere@hotmail.ca"
),
(
  16,
  "Zane Cooper",
  "Ap #385-8411 Nisl St.",
  "0471485282",
  "097-381-7347",
  "vulputate.posuere@outlook.net"
),
(
  17,
  "Frances Randall",
  "P.O. Box 854, 1545 Facilisis St.",
  "0138037389",
  "081-828-2037",
  "sollicitudin.a@google.net"
),
(
  18,
  "Clark Beasley",
  "8145 Iaculis Street",
  "0228378869",
  "028-281-2682",
  "at.risus@hotmail.couk"
),
(
  19,
  "Lester Franklin",
  "191-7521 Vel, Road",
  "0746268283",
  "051-375-7224",
  "facilisis.eget@outlook.edu"
),
(
  20,
  "Hedley Evans",
  "6722 Semper. Rd.",
  "0278758643",
  "007-340-5210",
  "mauris.integer.sem@hotmail.edu"
);

SELECT
  *
FROM
  KHACHHANG;

-- ----------------------------------------- THEO DOAN ---------------------------------------------------------


INSERT THEODOAN (
  MADOAN,
  TENDOAN,
  TENNGUOIDANGKY,
  SONGUOI,
  KHACHHANG_MAKH
) VALUES (
  1,
  'ABC',
  'Charde Sweet',
  10,
  1
);

INSERT THEODOAN (
  MADOAN,
  TENDOAN,
  TENNGUOIDANGKY,
  SONGUOI,
  KHACHHANG_MAKH
) VALUES (
  1,
  'ABC',
  'Charde Sweet',
  10,
  2
);

INSERT THEODOAN (
  MADOAN,
  TENDOAN,
  TENNGUOIDANGKY,
  SONGUOI,
  KHACHHANG_MAKH
) VALUES (
  1,
  'ABC',
  'Charde Sweet',
  10,
  3
);

INSERT THEODOAN (
  MADOAN,
  TENDOAN,
  TENNGUOIDANGKY,
  SONGUOI,
  KHACHHANG_MAKH
) VALUES (
  1,
  'ABC',
  'Charde Sweet',
  10,
  4
);

INSERT THEODOAN (
  MADOAN,
  TENDOAN,
  TENNGUOIDANGKY,
  SONGUOI,
  KHACHHANG_MAKH
) VALUES (
  1,
  'ABC',
  'Charde Sweet',
  10,
  5
);

INSERT THEODOAN (
  MADOAN,
  TENDOAN,
  TENNGUOIDANGKY,
  SONGUOI,
  KHACHHANG_MAKH
) VALUES (
  1,
  'ABC',
  'Charde Sweet',
  10,
  6
);

INSERT THEODOAN (
  MADOAN,
  TENDOAN,
  TENNGUOIDANGKY,
  SONGUOI,
  KHACHHANG_MAKH
) VALUES (
  1,
  'ABC',
  'Charde Sweet',
  10,
  7
);

INSERT THEODOAN (
  MADOAN,
  TENDOAN,
  TENNGUOIDANGKY,
  SONGUOI,
  KHACHHANG_MAKH
) VALUES (
  1,
  'ABC',
  'Charde Sweet',
  10,
  8
);

INSERT THEODOAN (
  MADOAN,
  TENDOAN,
  TENNGUOIDANGKY,
  SONGUOI,
  KHACHHANG_MAKH
) VALUES (
  1,
  'ABC',
  'Charde Sweet',
  10,
  9
);

INSERT THEODOAN (
  MADOAN,
  TENDOAN,
  TENNGUOIDANGKY,
  SONGUOI,
  KHACHHANG_MAKH
) VALUES (
  1,
  'ABC',
  'Charde Sweet',
  10,
  10
);

INSERT THEODOAN (
  MADOAN,
  TENDOAN,
  TENNGUOIDANGKY,
  SONGUOI,
  KHACHHANG_MAKH
) VALUES (
  2,
  'FAclub',
  'Nina Gallagher',
  10,
  11
);

INSERT THEODOAN (
  MADOAN,
  TENDOAN,
  TENNGUOIDANGKY,
  SONGUOI,
  KHACHHANG_MAKH
) VALUES (
  2,
  'FAclub',
  'Nina Gallagher',
  10,
  12
);

INSERT THEODOAN (
  MADOAN,
  TENDOAN,
  TENNGUOIDANGKY,
  SONGUOI,
  KHACHHANG_MAKH
) VALUES (
  2,
  'FAclub',
  'Nina Gallagher',
  10,
  13
);

INSERT THEODOAN (
  MADOAN,
  TENDOAN,
  TENNGUOIDANGKY,
  SONGUOI,
  KHACHHANG_MAKH
) VALUES (
  2,
  'FAclub',
  'Nina Gallagher',
  10,
  14
);

INSERT THEODOAN (
  MADOAN,
  TENDOAN,
  TENNGUOIDANGKY,
  SONGUOI,
  KHACHHANG_MAKH
) VALUES (
  2,
  'FAclub',
  'Nina Gallagher',
  10,
  15
);

INSERT THEODOAN (
  MADOAN,
  TENDOAN,
  TENNGUOIDANGKY,
  SONGUOI,
  KHACHHANG_MAKH
) VALUES (
  2,
  'FAclub',
  'Nina Gallagher',
  10,
  16
);

INSERT THEODOAN (
  MADOAN,
  TENDOAN,
  TENNGUOIDANGKY,
  SONGUOI,
  KHACHHANG_MAKH
) VALUES (
  2,
  'FAclub',
  'Nina Gallagher',
  10,
  17
);

INSERT THEODOAN (
  MADOAN,
  TENDOAN,
  TENNGUOIDANGKY,
  SONGUOI,
  KHACHHANG_MAKH
) VALUES (
  2,
  'FAclub',
  'Nina Gallagher',
  10,
  18
);

SELECT
  *
FROM
  THEODOAN;

-- ----------------------------------------- CA NHAN ---------------------------------------------------------

INSERT CANHAN (
  KHACHHANG_MAKH
) VALUES (
  19
);

INSERT CANHAN (
  KHACHHANG_MAKH
) VALUES (
  20
);

SELECT
  *
FROM
  CANHAN;

-- ----------------------------------------- DONVILUHANH ---------------------------------------------------------

INSERT INTO DONVILUHANH (
  MADV,
  TENDV,
  DIACHI,
  SDT
) VALUES (
  1,
  "Accumsan Convallis Ltd",
  "950-9970 In St.",
  "0538966869"
),
(
  2,
  "Sem Egestas Company",
  "280-6955 Nisl Avenue",
  "0456691854"
);

SELECT
  *
FROM
  DONVILUHANH;

-- ----------------------------------------- TOUR ---------------------------------------------------------

INSERT INTO TOUR (
  MATOUR,
  TENTOUR,
  GIATOUR,
  GIOKHOIHANH,
  DONVILUHANH_MADV,
  GHICHU,
  CHUDE,
  DIEMTHAMQUAN
) VALUES (
  1,
  N'Hồ Chí Minh - Mỹ Tho - Cần Thơ - Miền Tây 2N1Đ',
  1850000,
  "2022-12-25 20:00:00",
  1,
  N'Tham quan khu du lịch Cồn Phụng, Trải nghiệm đi chợ nổi Cái Răng, Thử sức làm đặc sản kẹo dừa Bến Tre ',
  N'Văn Hóa',
  N'Cù Lao Thời Sơn, Cồn Phụng, Chợ nổi Cái Răng'
),
(
  2,
  N'Khám Phá sông nước miền Tây: Cần Thơ - Cà Mau 4N3Đ',
  7590000,
  "2022-11-2 20:00:00",
  2,
  N'Tặng 20kg hành lý ký gửi bay Bamboo Airways, Thưởng thức bữa tối trên du thuyền Cần Thơ, Check in mũi Cà Mau nhà Công Tử Bạc Liêu, Tham quan Rừng Tràm Trà Sư ',
  N'Khám Phá',
  N'Chùa Dơi,Nhà công tử Bạc Liêu, Đất  Mũi, Rừng Tràm Trà Sư, Miếu  Bà Chúa Xứ Núi Sam, Chợ Nổi Cái Răng'
);

SELECT
  *
FROM
  TOUR;

-- ----------------------------------------- THAMGIA ---------------------------------------------------------

INSERT THAMGIA (
  TOUR_MATOUR,
  KHACHHANG_MAKH,
  PHUONGTIENDICHUYEN,
  YEUCAU
) VALUES (
  1,
  1,
  'Train',
  ''
);

INSERT THAMGIA (
  TOUR_MATOUR,
  KHACHHANG_MAKH,
  PHUONGTIENDICHUYEN,
  YEUCAU
) VALUES (
  1,
  2,
  'Train',
  ''
);

INSERT THAMGIA (
  TOUR_MATOUR,
  KHACHHANG_MAKH,
  PHUONGTIENDICHUYEN,
  YEUCAU
) VALUES (
  1,
  3,
  'Train',
  ''
);

INSERT THAMGIA (
  TOUR_MATOUR,
  KHACHHANG_MAKH,
  PHUONGTIENDICHUYEN,
  YEUCAU
) VALUES (
  1,
  4,
  'Train',
  ''
);

INSERT THAMGIA (
  TOUR_MATOUR,
  KHACHHANG_MAKH,
  PHUONGTIENDICHUYEN,
  YEUCAU
) VALUES (
  1,
  5,
  'Train',
  ''
);

INSERT THAMGIA (
  TOUR_MATOUR,
  KHACHHANG_MAKH,
  PHUONGTIENDICHUYEN,
  YEUCAU
) VALUES (
  1,
  6,
  'Train',
  ''
);

INSERT THAMGIA (
  TOUR_MATOUR,
  KHACHHANG_MAKH,
  PHUONGTIENDICHUYEN,
  YEUCAU
) VALUES (
  1,
  7,
  'Train',
  ''
);

INSERT THAMGIA (
  TOUR_MATOUR,
  KHACHHANG_MAKH,
  PHUONGTIENDICHUYEN,
  YEUCAU
) VALUES (
  1,
  8,
  'Train',
  ''
);

INSERT THAMGIA (
  TOUR_MATOUR,
  KHACHHANG_MAKH,
  PHUONGTIENDICHUYEN,
  YEUCAU
) VALUES (
  1,
  9,
  'Train',
  ''
);

INSERT THAMGIA (
  TOUR_MATOUR,
  KHACHHANG_MAKH,
  PHUONGTIENDICHUYEN,
  YEUCAU
) VALUES (
  1,
  10,
  'Train',
  ''
);

INSERT THAMGIA (
  TOUR_MATOUR,
  KHACHHANG_MAKH,
  PHUONGTIENDICHUYEN,
  YEUCAU
) VALUES (
  2,
  11,
  'Plane',
  ''
);

INSERT THAMGIA (
  TOUR_MATOUR,
  KHACHHANG_MAKH,
  PHUONGTIENDICHUYEN,
  YEUCAU
) VALUES (
  2,
  12,
  'Plane',
  ''
);

INSERT THAMGIA (
  TOUR_MATOUR,
  KHACHHANG_MAKH,
  PHUONGTIENDICHUYEN,
  YEUCAU
) VALUES (
  2,
  13,
  'Plane',
  ''
);

INSERT THAMGIA (
  TOUR_MATOUR,
  KHACHHANG_MAKH,
  PHUONGTIENDICHUYEN,
  YEUCAU
) VALUES (
  2,
  14,
  'Plane',
  ''
);

INSERT THAMGIA (
  TOUR_MATOUR,
  KHACHHANG_MAKH,
  PHUONGTIENDICHUYEN,
  YEUCAU
) VALUES (
  2,
  15,
  'Plane',
  ''
);

INSERT THAMGIA (
  TOUR_MATOUR,
  KHACHHANG_MAKH,
  PHUONGTIENDICHUYEN,
  YEUCAU
) VALUES (
  2,
  16,
  'Plane',
  ''
);

INSERT THAMGIA (
  TOUR_MATOUR,
  KHACHHANG_MAKH,
  PHUONGTIENDICHUYEN,
  YEUCAU
) VALUES (
  2,
  17,
  'Plane',
  ''
);

INSERT THAMGIA (
  TOUR_MATOUR,
  KHACHHANG_MAKH,
  PHUONGTIENDICHUYEN,
  YEUCAU
) VALUES (
  2,
  18,
  'Plane',
  ''
);

INSERT THAMGIA (
  TOUR_MATOUR,
  KHACHHANG_MAKH,
  PHUONGTIENDICHUYEN,
  YEUCAU
) VALUES (
  1,
  19,
  'Train',
  ''
);

INSERT THAMGIA (
  TOUR_MATOUR,
  KHACHHANG_MAKH,
  PHUONGTIENDICHUYEN,
  YEUCAU
) VALUES (
  2,
  20,
  'Plane',
  ''
);

SELECT
  *
FROM
  THAMGIA;

-- ----------------------------------------- NHANVIEN ---------------------------------------------------------

INSERT INTO NHANVIEN (
  MANV,
  TENNV,
  EMAIL,
  SDT,
  MATKHAU
) VALUES (
  1,
  "Gregory Navarro",
  "malesuada@outlook.org",
  "0477289040",
  "123"
),
(
  2,
  "Garrett Rice",
  "dictum.ultricies.ligula@icloud.ca",
  "0658478253",
  "123"
),
(
  3,
  "Cameron Webb",
  "purus@yahoo.edu",
  "0103588236",
  "123"
),
(
  4,
  "Lewis Sanders",
  "erat.volutpat.nulla@yahoo.couk",
  "0911280620",
  "123"
),
(
  5,
  "Edan Davenport",
  "consequat.lectus.sit@icloud.com",
  "0922761073",
  "123"
),
(
  6,
  "Gabriel Gentry",
  "convallis.ante@outlook.couk",
  "0585226281",
  "123"
),
(
  7,
  "Dillon Hancock",
  "mi.lacinia@yahoo.edu",
  "0942430425",
  "123"
),
(
  8,
  "Christian Lowe",
  "sed.nunc.est@icloud.com",
  "0487436488",
  "123"
),
(
  9,
  "Henry Lowery",
  "sed.leo@hotmail.com",
  "0448817729",
  "123"
),
(
  10,
  "Sebastian Parker",
  "at.sem@icloud.com",
  "0061504981",
  "123"
);

INSERT INTO NHANVIEN (
  MANV,
  TENNV,
  EMAIL,
  SDT,
  MATKHAU
) VALUES (
  11,
  "Elvis Ayers",
  "tellus.imperdiet@aol.ca",
  "0655234238",
  "123"
),
(
  12,
  "Zane Donovan",
  "ultricies.adipiscing@protonmail.org",
  "0471426782",
  "123"
),
(
  13,
  "Thomas Kennedy",
  "cubilia@protonmail.ca",
  "0106842112",
  "123"
),
(
  14,
  "Alfreda Jordan",
  "risus.at@yahoo.net",
  "0368916612",
  "123"
),
(
  15,
  "Colton Guerra",
  "feugiat@yahoo.ca",
  "0447487852",
  "123"
),
(
  16,
  "Hedy Byrd",
  "nunc.nulla@aol.com",
  "0798765936",
  "123"
),
(
  17,
  "Len Velazquez",
  "semper@protonmail.com",
  "0184526683",
  "123"
),
(
  18,
  "Bevis Knapp",
  "imperdiet.ullamcorper@outlook.org",
  "0535174744",
  "123"
),
(
  19,
  "Dora Wilder",
  "nibh@yahoo.ca",
  "0661960706",
  "123"
),
(
  20,
  "Laura Russo",
  "quam.a@outlook.edu",
  "0085696086",
  "123"
),
(
  21,
  "Benzema",
  "benzema@outlook.edu",
  "0085696086",
  "$2a$10$HAnrlbKuGjr2dWQKZ1NZ8eO4NwX.GhOC28yqGHa3JikussSRSBHnG"
);

SELECT
  *
FROM
  NHANVIEN;

-- ----------------------------------------- LETAN ---------------------------------------------------------

INSERT LETAN (
  NHANVIEN_MANV
) VALUES (
  1
);

INSERT LETAN (
  NHANVIEN_MANV
) VALUES (
  2
);

INSERT LETAN (
  NHANVIEN_MANV
) VALUES (
  3
);

INSERT LETAN (
  NHANVIEN_MANV
) VALUES (
  4
);

SELECT
  *
FROM
  LETAN;

-- ----------------------------------------- BUONGPHONG---------------------------------------------------------

INSERT BUONGPHONG (
  NHANVIEN_MANV
) VALUES (
  5
);

INSERT BUONGPHONG (
  NHANVIEN_MANV
) VALUES (
  6
);

INSERT BUONGPHONG (
  NHANVIEN_MANV
) VALUES (
  7
);

INSERT BUONGPHONG (
  NHANVIEN_MANV
) VALUES (
  8
);

SELECT
  *
FROM
  BUONGPHONG;

-- ----------------------------------------- HANHLY---------------------------------------------------------

INSERT HANHLY (
  NHANVIEN_MANV
) VALUES (
  9
);

INSERT HANHLY (
  NHANVIEN_MANV
) VALUES (
  10
);

INSERT HANHLY (
  NHANVIEN_MANV
) VALUES (
  11
);

INSERT HANHLY (
  NHANVIEN_MANV
) VALUES (
  12
);

INSERT HANHLY (
  NHANVIEN_MANV
) VALUES (
  13
);

INSERT HANHLY (
  NHANVIEN_MANV
) VALUES (
  14
);

SELECT
  *
FROM
  HANHLY;

-- ----------------------------------------- KETOAN---------------------------------------------------------

INSERT KETOAN (
  NHANVIEN_MANV
) VALUES (
  15
);

INSERT KETOAN (
  NHANVIEN_MANV
) VALUES (
  16
);

INSERT KETOAN (
  NHANVIEN_MANV
) VALUES (
  17
);

INSERT KETOAN (
  NHANVIEN_MANV
) VALUES (
  18
);

INSERT KETOAN (
  NHANVIEN_MANV
) VALUES (
  19
);

INSERT KETOAN (
  NHANVIEN_MANV
) VALUES (
  20
);

SELECT
  *
FROM
  KETOAN;

-- ----------------------------------------- LOAIPHONG---------------------------------------------------------

INSERT LOAIPHONG (
  MALOAIPHONG,
  GIA,
  TENLOAIPHONG
) VALUES (
  1,
  300000,
  "Loai A"
);

INSERT LOAIPHONG (
  MALOAIPHONG,
  GIA,
  TENLOAIPHONG
) VALUES (
  2,
  400000,
  "Loai B"
);

INSERT LOAIPHONG (
  MALOAIPHONG,
  GIA,
  TENLOAIPHONG
) VALUES (
  3,
  500000,
  "Loai C"
);

SELECT
  *
FROM
  LOAIPHONG;

-- ----------------------------------------- PHONG---------------------------------------------------------

INSERT PHONG (
  LOAIPHONG_MALOAIPHONG,
  MAPHONG
) VALUES (
  1,
  100
);

INSERT PHONG (
  LOAIPHONG_MALOAIPHONG,
  MAPHONG
) VALUES (
  1,
  101
);

INSERT PHONG (
  LOAIPHONG_MALOAIPHONG,
  MAPHONG
) VALUES (
  1,
  102
);

INSERT PHONG (
  LOAIPHONG_MALOAIPHONG,
  MAPHONG
) VALUES (
  1,
  103
);

INSERT PHONG (
  LOAIPHONG_MALOAIPHONG,
  MAPHONG
) VALUES (
  1,
  104
);

INSERT PHONG (
  LOAIPHONG_MALOAIPHONG,
  MAPHONG
) VALUES (
  1,
  105
);

INSERT PHONG (
  LOAIPHONG_MALOAIPHONG,
  MAPHONG
) VALUES (
  1,
  106
);

INSERT PHONG (
  LOAIPHONG_MALOAIPHONG,
  MAPHONG
) VALUES (
  1,
  107
);

INSERT PHONG (
  LOAIPHONG_MALOAIPHONG,
  MAPHONG
) VALUES (
  1,
  108
);

INSERT PHONG (
  LOAIPHONG_MALOAIPHONG,
  MAPHONG
) VALUES (
  1,
  109
);

INSERT PHONG (
  LOAIPHONG_MALOAIPHONG,
  MAPHONG
) VALUES (
  2,
  200
);

INSERT PHONG (
  LOAIPHONG_MALOAIPHONG,
  MAPHONG
) VALUES (
  2,
  201
);

INSERT PHONG (
  LOAIPHONG_MALOAIPHONG,
  MAPHONG
) VALUES (
  2,
  202
);

INSERT PHONG (
  LOAIPHONG_MALOAIPHONG,
  MAPHONG
) VALUES (
  2,
  203
);

INSERT PHONG (
  LOAIPHONG_MALOAIPHONG,
  MAPHONG
) VALUES (
  2,
  204
);

INSERT PHONG (
  LOAIPHONG_MALOAIPHONG,
  MAPHONG
) VALUES (
  2,
  205
);

INSERT PHONG (
  LOAIPHONG_MALOAIPHONG,
  MAPHONG
) VALUES (
  2,
  206
);

INSERT PHONG (
  LOAIPHONG_MALOAIPHONG,
  MAPHONG
) VALUES (
  2,
  207
);

INSERT PHONG (
  LOAIPHONG_MALOAIPHONG,
  MAPHONG
) VALUES (
  1,
  110
);

INSERT PHONG (
  LOAIPHONG_MALOAIPHONG,
  MAPHONG
) VALUES (
  2,
  208
);

SELECT
  *
FROM
  PHONG;

-- ----------------------------------------- VATDUNG---------------------------------------------------------

INSERT VATDUNG (
  MAVD,
  TENVD,
  GIA
) VALUES (
  1,
  'Toothbrush',
  90000
);

INSERT VATDUNG (
  MAVD,
  TENVD,
  GIA
) VALUES (
  2,
  'Spring water ',
  10000
);

INSERT VATDUNG (
  MAVD,
  TENVD,
  GIA
) VALUES (
  3,
  'Carbonated drink',
  20000
);

INSERT VATDUNG (
  MAVD,
  TENVD,
  GIA
) VALUES (
  4,
  'Snacks',
  12000
);

INSERT VATDUNG (
  MAVD,
  TENVD,
  GIA
) VALUES (
  5,
  'Champagne',
  100000
);

INSERT VATDUNG (
  MAVD,
  TENVD,
  GIA
) VALUES (
  6,
  'Fruit juices',
  40000
);

INSERT VATDUNG (
  MAVD,
  TENVD,
  GIA
) VALUES (
  7,
  'Note',
  5000
);

SELECT
  *
FROM
  VATDUNG;

-- ----------------------------------------- THUOC_PHONG_VATDUNG---------------------------------------------------------

INSERT THUOC_PHONG_VATDUNG (
  PHONG_MAPHONG,
  VATDUNG_MAVD,
  SOLUONG
) VALUES (
  100,
  1,
  1
);

INSERT THUOC_PHONG_VATDUNG (
  PHONG_MAPHONG,
  VATDUNG_MAVD,
  SOLUONG
) VALUES (
  100,
  2,
  1
);

INSERT THUOC_PHONG_VATDUNG (
  PHONG_MAPHONG,
  VATDUNG_MAVD,
  SOLUONG
) VALUES (
  100,
  3,
  1
);

INSERT THUOC_PHONG_VATDUNG (
  PHONG_MAPHONG,
  VATDUNG_MAVD,
  SOLUONG
) VALUES (
  100,
  4,
  3
);

INSERT THUOC_PHONG_VATDUNG (
  PHONG_MAPHONG,
  VATDUNG_MAVD,
  SOLUONG
) VALUES (
  100,
  5,
  0
);

INSERT THUOC_PHONG_VATDUNG (
  PHONG_MAPHONG,
  VATDUNG_MAVD,
  SOLUONG
) VALUES (
  100,
  6,
  1
);

INSERT THUOC_PHONG_VATDUNG (
  PHONG_MAPHONG,
  VATDUNG_MAVD,
  SOLUONG
) VALUES (
  100,
  7,
  1
);

SELECT
  *
FROM
  THUOC_PHONG_VATDUNG;

-- ----------------------------------------- PHIEUKIEMTRAPHONG---------------------------------------------------------

INSERT PHIEUKIEMTRAPHONG (
  MAPHIEUKT,
  TINHTRANG,
  BUONGPHONG_NHANVIEN_MANV
) VALUES (
  1,
  '',
  5
);

INSERT PHIEUKIEMTRAPHONG (
  MAPHIEUKT,
  TINHTRANG,
  BUONGPHONG_NHANVIEN_MANV
) VALUES (
  2,
  '',
  5
);

INSERT PHIEUKIEMTRAPHONG (
  MAPHIEUKT,
  TINHTRANG,
  BUONGPHONG_NHANVIEN_MANV
) VALUES (
  3,
  '',
  5
);

INSERT PHIEUKIEMTRAPHONG (
  MAPHIEUKT,
  TINHTRANG,
  BUONGPHONG_NHANVIEN_MANV
) VALUES (
  4,
  '',
  5
);

INSERT PHIEUKIEMTRAPHONG (
  MAPHIEUKT,
  TINHTRANG,
  BUONGPHONG_NHANVIEN_MANV
) VALUES (
  5,
  '',
  5
);

INSERT PHIEUKIEMTRAPHONG (
  MAPHIEUKT,
  TINHTRANG,
  BUONGPHONG_NHANVIEN_MANV
) VALUES (
  6,
  '',
  5
);

INSERT PHIEUKIEMTRAPHONG (
  MAPHIEUKT,
  TINHTRANG,
  BUONGPHONG_NHANVIEN_MANV
) VALUES (
  7,
  '',
  5
);

INSERT PHIEUKIEMTRAPHONG (
  MAPHIEUKT,
  TINHTRANG,
  BUONGPHONG_NHANVIEN_MANV
) VALUES (
  8,
  '',
  6
);

INSERT PHIEUKIEMTRAPHONG (
  MAPHIEUKT,
  TINHTRANG,
  BUONGPHONG_NHANVIEN_MANV
) VALUES (
  9,
  '',
  6
);

INSERT PHIEUKIEMTRAPHONG (
  MAPHIEUKT,
  TINHTRANG,
  BUONGPHONG_NHANVIEN_MANV
) VALUES (
  10,
  '',
  6
);

INSERT PHIEUKIEMTRAPHONG (
  MAPHIEUKT,
  TINHTRANG,
  BUONGPHONG_NHANVIEN_MANV
) VALUES (
  11,
  '',
  6
);

INSERT PHIEUKIEMTRAPHONG (
  MAPHIEUKT,
  TINHTRANG,
  BUONGPHONG_NHANVIEN_MANV
) VALUES (
  12,
  '',
  6
);

INSERT PHIEUKIEMTRAPHONG (
  MAPHIEUKT,
  TINHTRANG,
  BUONGPHONG_NHANVIEN_MANV
) VALUES (
  13,
  '',
  6
);

INSERT PHIEUKIEMTRAPHONG (
  MAPHIEUKT,
  TINHTRANG,
  BUONGPHONG_NHANVIEN_MANV
) VALUES (
  14,
  '',
  7
);

INSERT PHIEUKIEMTRAPHONG (
  MAPHIEUKT,
  TINHTRANG,
  BUONGPHONG_NHANVIEN_MANV
) VALUES (
  15,
  '',
  7
);

INSERT PHIEUKIEMTRAPHONG (
  MAPHIEUKT,
  TINHTRANG,
  BUONGPHONG_NHANVIEN_MANV
) VALUES (
  16,
  '',
  7
);

INSERT PHIEUKIEMTRAPHONG (
  MAPHIEUKT,
  TINHTRANG,
  BUONGPHONG_NHANVIEN_MANV
) VALUES (
  17,
  '',
  8
);

INSERT PHIEUKIEMTRAPHONG (
  MAPHIEUKT,
  TINHTRANG,
  BUONGPHONG_NHANVIEN_MANV
) VALUES (
  18,
  '',
  8
);

INSERT PHIEUKIEMTRAPHONG (
  MAPHIEUKT,
  TINHTRANG,
  BUONGPHONG_NHANVIEN_MANV
) VALUES (
  19,
  '',
  8
);

INSERT PHIEUKIEMTRAPHONG (
  MAPHIEUKT,
  TINHTRANG,
  BUONGPHONG_NHANVIEN_MANV
) VALUES (
  20,
  '',
  8
);

SELECT
  *
FROM
  PHIEUKIEMTRAPHONG;

-- ----------------------------------------- SUDUNG_PKTP_VATDUNG---------------------------------------------------------

INSERT SUDUNG_PKTP_VATDUNG (
  PHIEUKIEMTRAPHONG_MAPHIEUKT,
  VATDUNG_MAVD,
  SOLUONG
) VALUES (
  1,
  1,
  1
);

INSERT SUDUNG_PKTP_VATDUNG (
  PHIEUKIEMTRAPHONG_MAPHIEUKT,
  VATDUNG_MAVD,
  SOLUONG
) VALUES (
  1,
  2,
  1
);

INSERT SUDUNG_PKTP_VATDUNG (
  PHIEUKIEMTRAPHONG_MAPHIEUKT,
  VATDUNG_MAVD,
  SOLUONG
) VALUES (
  1,
  3,
  1
);

INSERT SUDUNG_PKTP_VATDUNG (
  PHIEUKIEMTRAPHONG_MAPHIEUKT,
  VATDUNG_MAVD,
  SOLUONG
) VALUES (
  1,
  4,
  3
);

INSERT SUDUNG_PKTP_VATDUNG (
  PHIEUKIEMTRAPHONG_MAPHIEUKT,
  VATDUNG_MAVD,
  SOLUONG
) VALUES (
  1,
  5,
  0
);

INSERT SUDUNG_PKTP_VATDUNG (
  PHIEUKIEMTRAPHONG_MAPHIEUKT,
  VATDUNG_MAVD,
  SOLUONG
) VALUES (
  1,
  6,
  1
);

INSERT SUDUNG_PKTP_VATDUNG (
  PHIEUKIEMTRAPHONG_MAPHIEUKT,
  VATDUNG_MAVD,
  SOLUONG
) VALUES (
  1,
  7,
  1
);

SELECT
  *
FROM
  SUDUNG_PKTP_VATDUNG;

-- ----------------------------------------- PHIEUDATPHONG---------------------------------------------------------

INSERT PHIEUDATPHONG (
  MAPHIEUDP,
  GIATONG,
  HINHTHUCTHANHTOAN,
  NGAYTHANHTOAN,
  PHIEUKIEMTRAPHONG_MAPHIEUKT
) VALUES (
  1,
  1000000,
  "TienMat",
  '2023-09-12',
  1
);

INSERT PHIEUDATPHONG (
  MAPHIEUDP,
  GIATONG,
  HINHTHUCTHANHTOAN,
  NGAYTHANHTOAN,
  PHIEUKIEMTRAPHONG_MAPHIEUKT
) VALUES (
  2,
  1000000,
  "TienMat",
  '2023-10-12',
  2
);

INSERT PHIEUDATPHONG (
  MAPHIEUDP,
  GIATONG,
  HINHTHUCTHANHTOAN,
  NGAYTHANHTOAN,
  PHIEUKIEMTRAPHONG_MAPHIEUKT
) VALUES (
  3,
  1000000,
  "TienMat",
  '2023-09-29',
  3
);

INSERT PHIEUDATPHONG (
  MAPHIEUDP,
  GIATONG,
  HINHTHUCTHANHTOAN,
  NGAYTHANHTOAN,
  PHIEUKIEMTRAPHONG_MAPHIEUKT
) VALUES (
  4,
  1000000,
  "TienMat",
  '2023-10-12',
  4
);

INSERT PHIEUDATPHONG (
  MAPHIEUDP,
  GIATONG,
  HINHTHUCTHANHTOAN,
  NGAYTHANHTOAN,
  PHIEUKIEMTRAPHONG_MAPHIEUKT
) VALUES (
  5,
  1000000,
  "TienMat",
  '2023-05-12',
  5
);

INSERT PHIEUDATPHONG (
  MAPHIEUDP,
  GIATONG,
  HINHTHUCTHANHTOAN,
  NGAYTHANHTOAN,
  PHIEUKIEMTRAPHONG_MAPHIEUKT
) VALUES (
  6,
  1000000,
  "TienMat",
  '2023-09-12',
  6
);

INSERT PHIEUDATPHONG (
  MAPHIEUDP,
  GIATONG,
  HINHTHUCTHANHTOAN,
  NGAYTHANHTOAN,
  PHIEUKIEMTRAPHONG_MAPHIEUKT
) VALUES (
  7,
  1000000,
  "TienMat",
  '2023-06-15',
  7
);

INSERT PHIEUDATPHONG (
  MAPHIEUDP,
  GIATONG,
  HINHTHUCTHANHTOAN,
  NGAYTHANHTOAN,
  PHIEUKIEMTRAPHONG_MAPHIEUKT
) VALUES (
  8,
  1000000,
  "TienMat",
  '2023-09-26',
  8
);

INSERT PHIEUDATPHONG (
  MAPHIEUDP,
  GIATONG,
  HINHTHUCTHANHTOAN,
  NGAYTHANHTOAN,
  PHIEUKIEMTRAPHONG_MAPHIEUKT
) VALUES (
  9,
  1000000,
  "TienMat",
  '2023-01-12',
  9
);

INSERT PHIEUDATPHONG (
  MAPHIEUDP,
  GIATONG,
  HINHTHUCTHANHTOAN,
  NGAYTHANHTOAN,
  PHIEUKIEMTRAPHONG_MAPHIEUKT
) VALUES (
  10,
  1000000,
  "TienMat",
  '2023-02-24',
  10
);

INSERT PHIEUDATPHONG (
  MAPHIEUDP,
  GIATONG,
  HINHTHUCTHANHTOAN,
  NGAYTHANHTOAN,
  PHIEUKIEMTRAPHONG_MAPHIEUKT
) VALUES (
  11,
  2000000,
  "BangThe",
  '2023-10-12',
  11
);

INSERT PHIEUDATPHONG (
  MAPHIEUDP,
  GIATONG,
  HINHTHUCTHANHTOAN,
  NGAYTHANHTOAN,
  PHIEUKIEMTRAPHONG_MAPHIEUKT
) VALUES (
  12,
  2000000,
  "BangThe",
  '2023-07-15',
  12
);

INSERT PHIEUDATPHONG (
  MAPHIEUDP,
  GIATONG,
  HINHTHUCTHANHTOAN,
  NGAYTHANHTOAN,
  PHIEUKIEMTRAPHONG_MAPHIEUKT
) VALUES (
  13,
  2000000,
  "BangThe",
  '2023-09-04',
  13
);

INSERT PHIEUDATPHONG (
  MAPHIEUDP,
  GIATONG,
  HINHTHUCTHANHTOAN,
  NGAYTHANHTOAN,
  PHIEUKIEMTRAPHONG_MAPHIEUKT
) VALUES (
  14,
  2000000,
  "BangThe",
  '2023-03-12',
  14
);

INSERT PHIEUDATPHONG (
  MAPHIEUDP,
  GIATONG,
  HINHTHUCTHANHTOAN,
  NGAYTHANHTOAN,
  PHIEUKIEMTRAPHONG_MAPHIEUKT
) VALUES (
  15,
  2000000,
  "BangThe",
  '2023-03-17',
  15
);

INSERT PHIEUDATPHONG (
  MAPHIEUDP,
  GIATONG,
  HINHTHUCTHANHTOAN,
  NGAYTHANHTOAN,
  PHIEUKIEMTRAPHONG_MAPHIEUKT
) VALUES (
  16,
  2000000,
  "BangThe",
  '2023-09-27',
  16
);

INSERT PHIEUDATPHONG (
  MAPHIEUDP,
  GIATONG,
  HINHTHUCTHANHTOAN,
  NGAYTHANHTOAN,
  PHIEUKIEMTRAPHONG_MAPHIEUKT
) VALUES (
  17,
  2000000,
  "BangThe",
  '2023-12-12',
  17
);

INSERT PHIEUDATPHONG (
  MAPHIEUDP,
  GIATONG,
  HINHTHUCTHANHTOAN,
  NGAYTHANHTOAN,
  PHIEUKIEMTRAPHONG_MAPHIEUKT
) VALUES (
  18,
  2000000,
  "BangThe",
  '2023-11-11',
  18
);

INSERT PHIEUDATPHONG (
  MAPHIEUDP,
  GIATONG,
  HINHTHUCTHANHTOAN,
  NGAYTHANHTOAN,
  PHIEUKIEMTRAPHONG_MAPHIEUKT
) VALUES (
  19,
  1000000,
  "BangThe",
  '2023-09-12',
  19
);

INSERT PHIEUDATPHONG (
  MAPHIEUDP,
  GIATONG,
  HINHTHUCTHANHTOAN,
  NGAYTHANHTOAN,
  PHIEUKIEMTRAPHONG_MAPHIEUKT
) VALUES (
  20,
  2000000,
  "BangThe",
  '2023-09-12',
  20
);

SELECT
  *
FROM
  PHIEUDATPHONG;

-- ----------------------------------------- DICHVU---------------------------------------------------------

INSERT DICHVU (
  MADV,
  TENDV,
  GIA,
  GIOBATDAU,
  GIOKETTHUC
) VALUES (
  1,
  "Beer",
  12000,
  "18:00:00",
  "22:00:00"
);

INSERT DICHVU (
  MADV,
  TENDV,
  GIA,
  GIOBATDAU,
  GIOKETTHUC
) VALUES (
  2,
  "Gym",
  200000,
  "9:00:00",
  "18:00:00"
);

INSERT DICHVU (
  MADV,
  TENDV,
  GIA,
  GIOBATDAU,
  GIOKETTHUC
) VALUES (
  3,
  "Karaoke",
  60000,
  "9:00:00",
  "22:00:00"
);

INSERT DICHVU (
  MADV,
  TENDV,
  GIA,
  GIOBATDAU,
  GIOKETTHUC
) VALUES (
  4,
  "Swimming pool",
  120000,
  "6:30:00",
  "22:00:00"
);

SELECT
  *
FROM
  DICHVU;

-- ----------------------------------------- SUDUNG---------------------------------------------------------

INSERT SUDUNG (
  PHIEUDATPHONG_MAPHIEUDP,
  DICHVU_MADV,
  SOLUONG
) VALUES (
  1,
  1,
  1
);

INSERT SUDUNG (
  PHIEUDATPHONG_MAPHIEUDP,
  DICHVU_MADV,
  SOLUONG
) VALUES (
  2,
  1,
  1
);

INSERT SUDUNG (
  PHIEUDATPHONG_MAPHIEUDP,
  DICHVU_MADV,
  SOLUONG
) VALUES (
  3,
  1,
  1
);

INSERT SUDUNG (
  PHIEUDATPHONG_MAPHIEUDP,
  DICHVU_MADV,
  SOLUONG
) VALUES (
  4,
  1,
  1
);

INSERT SUDUNG (
  PHIEUDATPHONG_MAPHIEUDP,
  DICHVU_MADV,
  SOLUONG
) VALUES (
  5,
  2,
  1
);

INSERT SUDUNG (
  PHIEUDATPHONG_MAPHIEUDP,
  DICHVU_MADV,
  SOLUONG
) VALUES (
  6,
  2,
  1
);

INSERT SUDUNG (
  PHIEUDATPHONG_MAPHIEUDP,
  DICHVU_MADV,
  SOLUONG
) VALUES (
  7,
  2,
  1
);

INSERT SUDUNG (
  PHIEUDATPHONG_MAPHIEUDP,
  DICHVU_MADV,
  SOLUONG
) VALUES (
  8,
  2,
  1
);

INSERT SUDUNG (
  PHIEUDATPHONG_MAPHIEUDP,
  DICHVU_MADV,
  SOLUONG
) VALUES (
  9,
  2,
  1
);

INSERT SUDUNG (
  PHIEUDATPHONG_MAPHIEUDP,
  DICHVU_MADV,
  SOLUONG
) VALUES (
  10,
  3,
  1
);

INSERT SUDUNG (
  PHIEUDATPHONG_MAPHIEUDP,
  DICHVU_MADV,
  SOLUONG
) VALUES (
  11,
  3,
  1
);

INSERT SUDUNG (
  PHIEUDATPHONG_MAPHIEUDP,
  DICHVU_MADV,
  SOLUONG
) VALUES (
  12,
  3,
  1
);

INSERT SUDUNG (
  PHIEUDATPHONG_MAPHIEUDP,
  DICHVU_MADV,
  SOLUONG
) VALUES (
  13,
  3,
  1
);

INSERT SUDUNG (
  PHIEUDATPHONG_MAPHIEUDP,
  DICHVU_MADV,
  SOLUONG
) VALUES (
  14,
  3,
  1
);

INSERT SUDUNG (
  PHIEUDATPHONG_MAPHIEUDP,
  DICHVU_MADV,
  SOLUONG
) VALUES (
  15,
  3,
  1
);

INSERT SUDUNG (
  PHIEUDATPHONG_MAPHIEUDP,
  DICHVU_MADV,
  SOLUONG
) VALUES (
  16,
  4,
  1
);

INSERT SUDUNG (
  PHIEUDATPHONG_MAPHIEUDP,
  DICHVU_MADV,
  SOLUONG
) VALUES (
  17,
  4,
  1
);

INSERT SUDUNG (
  PHIEUDATPHONG_MAPHIEUDP,
  DICHVU_MADV,
  SOLUONG
) VALUES (
  18,
  4,
  1
);

INSERT SUDUNG (
  PHIEUDATPHONG_MAPHIEUDP,
  DICHVU_MADV,
  SOLUONG
) VALUES (
  19,
  4,
  1
);

INSERT SUDUNG (
  PHIEUDATPHONG_MAPHIEUDP,
  DICHVU_MADV,
  SOLUONG
) VALUES (
  20,
  4,
  1
);

SELECT
  *
FROM
  SUDUNG;

-- ----------------------------------------- DAT---------------------------------------------------------

INSERT INTO DAT (
  KHACHHANG_MAKH,
  KHACHHANG_THEODOAN_MADOAN,
  YEUCAU,
  SODEMLUUTRU,
  NGAYDEN,
  XETDUYET,
  GOPY,
  PHONG_MAPHONG,
  LETAN_NHANVIEN_MANV,
  PHIEUDATPHONG_MAPHIEUDP
) VALUES (
  1,
  1,
  "",
  3,
  '2023-12-12',
  "Duyet",
  "",
  "100",
  1,
  1
),
(
  2,
  1,
  "",
  3,
  '2023-12-12',
  "Duyet",
  "",
  "101",
  1,
  2
),
(
  3,
  1,
  "",
  3,
  '2023-12-12',
  "Duyet",
  "",
  "102",
  1,
  3
),
(
  4,
  1,
  "",
  3,
  '2023-12-12',
  "Duyet",
  "",
  "103",
  1,
  4
),
(
  5,
  1,
  "",
  3,
  '2023-12-12',
  "Duyet",
  "",
  "104",
  1,
  5
),
(
  6,
  1,
  "",
  3,
  '2023-12-12',
  "Duyet",
  "",
  "105",
  2,
  6
),
(
  7,
  1,
  "",
  3,
  '2023-12-12',
  "Duyet",
  "",
  "106",
  2,
  7
),
(
  8,
  1,
  "",
  3,
  '2023-12-12',
  "Duyet",
  "",
  "107",
  2,
  8
),
(
  9,
  1,
  "",
  3,
  '2023-12-12',
  "Duyet",
  "",
  "108",
  2,
  9
),
(
  10,
  1,
  "",
  3,
  '2023-12-12',
  "Duyet",
  "",
  "109",
  2,
  10
);

INSERT INTO DAT (
  KHACHHANG_MAKH,
  KHACHHANG_THEODOAN_MADOAN,
  YEUCAU,
  SODEMLUUTRU,
  NGAYDEN,
  XETDUYET,
  GOPY,
  PHONG_MAPHONG,
  LETAN_NHANVIEN_MANV,
  PHIEUDATPHONG_MAPHIEUDP
) VALUES (
  11,
  2,
  "",
  2,
  '2023-12-15',
  "Duyet",
  "",
  "200",
  2,
  11
),
(
  12,
  2,
  "",
  2,
  '2023-12-15',
  "Duyet",
  "",
  "201",
  2,
  12
),
(
  13,
  2,
  "",
  2,
  '2023-12-15',
  "Duyet",
  "",
  "202",
  3,
  13
),
(
  14,
  2,
  "",
  2,
  '2023-12-15',
  "Duyet",
  "",
  "203",
  3,
  14
),
(
  15,
  2,
  "",
  2,
  '2023-12-15',
  "Duyet",
  "",
  "204",
  3,
  15
),
(
  16,
  2,
  "",
  2,
  '2023-12-15',
  "Duyet",
  "",
  "205",
  3,
  16
),
(
  17,
  2,
  "",
  2,
  '2023-12-15',
  "Duyet",
  "",
  "206",
  3,
  17
),
(
  18,
  2,
  "",
  2,
  '2023-12-15',
  "Duyet",
  "",
  "207",
  3,
  18
),
(
  19,
  0,
  "",
  5,
  '2023-10-15',
  "Duyet",
  "",
  "110",
  4,
  19
),
(
  20,
  0,
  "",
  6,
  '2023-10-15',
  "Duyet",
  "",
  "208",
  4,
  20
);

SELECT
  *
FROM
  DAT;

-- ----------------------------------------- QUiDINH---------------------------------------------------------

INSERT QUIDINH (
  MAQD,
  NOIDUNG
) VALUES (
  1,
  "1. Khong lam mat vat dung"
);

INSERT QUIDINH (
  MAQD,
  NOIDUNG
) VALUES (
  2,
  "2. Khong lam on anh huong den nguoi khac"
);

INSERT QUIDINH (
  MAQD,
  NOIDUNG
) VALUES (
  3,
  "3. Khong di chuyen vat dung tu phong nay sang phong khac"
);

SELECT
  *
FROM
  QUIDINH;